,10 Things I Hate About You (1999)
10000 BC (2008),
,101 Dalmatians (1996)
12 Years A Slave (2013),
,13 Hours The Secret Soldiers Of Benghazi
,1917 (2019)
2 Fast 2 Furious (2003),2 Fast 2 Furious (2003)
,2001 A Space Odyssey (1968)
2012 (2009),
21 Jump Street (2012),21 Jump Street (2012)
22 Jump Street (2014),22 Jump Street (2014)
,27 Dresses (2008)
,28 Days Later (2002)
,28 Weeks Later (2007)
300 (2006),
42 (2013),
50 First Dates (2004),
,500 Days Of Summer
500 Days Of Summer (2009),
,7 Days in Entebbe (2018)
,8 Mile (2002)
,80 for Brady (2023)
9 (2009),
,9 To 5 (1980)
A Bad Moms Christmas (2017),A Bad Moms Christmas (2017)
,A Beautiful Day In The Neighborhood (2019)
,A Beautiful Mind
,A Bug's Life (1998)
A Charlie Brown Christmas (1965),
,A Charlie Brown Thanksgiving
,A Cinderella Story (2004)
,A Family Affair (2024)
,A Few Good Men
A Few Good Men (1992),
A Fistful Of Dollars (1964),
A Good Day To Die Hard (2013),
,A Goofy Movie (1995)
,A Grand Day Out with Wallace and Gromit (1989)
,A Knight's Tale (2001)
A League Of Their Own (1992),A League Of Their Own (1992)
,A Man Called Otto (2022)
,A Matter Of Loaf And Death (2008)
,A Million Ways To Die In The West
,A Quiet Place (2018)
,A Shaun The Sheep Movie Farmageddon (2019)
,A Simple Favor (2018)
,A Star Is Born (2018)
,A Time to Kill
A Very Harold And Kumar Christmas (2011),
A View To A Kill (1985),
,A Walk In The Woods
,Abominable (2019)
Absolute Power (1997),
Ace Ventura Pet Detective (1994),
Ace Ventura When Nature Calls (1995),
Acts Of Violence (2018),
,Ad Astra (2019)
,Adrift (2018)
Adventureland (2009),
After Earth (2013),
After Hours (1985),
,Air (2023)
,Air Force One (1997)
,Airplane! (1980)
,Aladdin (1992)
,Aladdin (2019)
,Aladdin - The Return of Jafar (1994)
,Aladdin and the King of Thieves (1996)
Alexander (2004),
,Alice in Wonderland (1951)
Alien (1979),
Alien Vs Predator (2004),
Alien Vs Predator 2 Requiem (2007),
Alita Battle Angel (2019),
All Dogs Go To Heaven (1989),All Dogs Go To Heaven (1989)
,All Good Things (2010)
,All Quiet on the Western Front (2022)
All The Kings Men (2006),
,All the Money in the World (2017)
,All the President's Men (1976)
,Allied (with subtitle)
,Aloha (2015)
Alpha (2018),Alpha (2018)
Alvin And The Chipmunks The Squeakquel (2009),
American Gangster (2007),American Gangster (2007)
American Hustle (2013),American Hustle (2013)
,American Made (2017)
American Pie (1999),
American Pie 2 (2001),
American Pie Presents Band Camp (2005),
American Pie Presents Beta House (2007),
American Pie Presents Girls Rules (2020),
American Pie Presents The Book Of Love (2009),
American Pie Presents The Naked Mile (2006),
,American Psyco (2000)
American Reunion (2012),
American Sniper (2014),
,American Sniper (2015)
American Wedding (2003),
,An Extremely Goofy Movie (2000)
,An Officer And A Gentleman (1982)
An Uncommon Grace (2017),
,Anastasia (1997)
,Anchorman - The Legend of Ron Burgundy (2004)
,Anchorman 2 - The Legend Continues (2013)
Anchorman The Legend Of Ron Burgundy (2004),
,Andover (2018)
,Angel Has Fallen (2019)
Angels And Demons (2009),
Anger Management (2003),
Anna (2019),
,Annihilation (2018)
Ant Man And The Wasp (2018),
Ant-Man (2015),Ant-Man (2015)
Ant-Man And The Wasp (2018),Ant-Man And The Wasp (2018)
Apollo 13 (1995),Apollo 13 (1995)
Aquaman (2018),Aquaman (2018)
Aquaman The Lost Kingdom (2023),
,Assassin's Creed
,Assassination Nation (2018)
Assassins Creed (2016),
,At Eternity's Gate (2018)
,Atlantis The Lost Empire (2001)
Atomic Blonde (2017),Atomic Blonde (2017)
Austin Powers In Goldmember (2002),
Austin Powers International Man Of Mystery (1997),
Austin Powers The Spy Who Shagged Me (1999),
Australia (2008),
,Auto Focus (2002)
,Ava (2020)
Avatar (2009),Avatar (2009)
,Avengers Age of Ultron
Avengers Age Of Ultron (2015),
Avengers Endgame (2019),Avengers Endgame (2019)
Avengers Infinity War (2018),Avengers Infinity War (2018)
,Baby Driver
Baby Mama (2008),
Babylon A.D. (2008),
,Back to the Future (1985)
,Back to the Future Part II (1989)
,Back to the Future Part III (1990)
Bad Boys (1995),Bad Boys (1995)
Bad Boys For Life (2020),Bad Boys For Life (2020)
Bad Boys II (2003),Bad Boys II (2003)
Bad Moms (2016),Bad Moms (2016)
,Bad Times At The El Royale (2018)
,Balto (1995)
,Bambi (1942)
,Barb And Star Go To Vista Del Mar (2021)
Barbie (2023),Barbie (2023)
,Basic Instinct (1992)
Batman (1989),Batman (1989)
Batman And Robin (1997),
Batman Begins (2005),
,Batman Forever
Batman Forever (1995),
Batman Returns (1992),Batman Returns (1992)
Batman V Superman Dawn Of Justice (2016),
Battleship (2012),
Baywatch (2017),Baywatch (2017)
,Beaches (1988)
,Beauty and the Beast (1991)
,Beauty and the Beast (2017)
,Becoming Astrid (2018)
,Beethoven (1992)
,Beetlejuice (1988)
,Beetlejuice Beetlejuice (2024)
Begin Again (2013),
,Beirut (2018)
Beowulf (2007),
,Bicentennial Man (1999)
,Big (1988)
Big Fish (2003),Big Fish (2003)
,Big Hero 6
Big Trouble In Little China (1986),
Bill And Teds Bogus Journey (1991),
Billy Madison (1995),
Birdman Or The Unexpected Virtue Of Ignorance (2014),
,Birds Of Prey And The Fantabulous Emancipation Of One Harley Quinn (2020) WEB]
Black Adam (2022),Black Adam (2022)
,Black Bear (2020)
,Black Beauty (2020)
Black Hawk Down (2001),
,Black Hawk Down (2002)
,Black Mass
Black Panther (2018),Black Panther (2018)
,Black Panther Wakanda Forever (2022)
Black Sheep (1996),
Black Swan (2010),
,Black Widow (2021)
,Blackhat
,BlacKkKlansman (2018)
Blade II (2002),
,Blade Runner - The Final Cut (1982)
,Blade Runner 2049 (2017)
Blade Trinity (2004),
Blades Of Glory (2007),
,Blast From The Past (1999)
,Blazing Saddles (1974)
,Blockers (2018)
Blood Work (2002),
,Blue Bayou (2021)
Blue Streak (1999),
Blue Thunder (1983),
Bohemian Rhapsody (2018),Bohemian Rhapsody (2018)
,Bombshell (2019)
,Book Club (2018)
,Book Club - The Next Chapter (2023)
Book Of Dragons (2011),
,Booksmart (2019)
,Brave (2012)
Braveheart (1995),Braveheart (1995)
,Breakfast at Tiffany's (1961)
,Breaking In (2018)
,Bride Wars (2009)
,Bridesmaids (2011)
,Bridge of Spies
Bridge On The River Kwai (1957),
,Bring it On (2000)
,Bring It On All or Nothing (2006)
,Bringing Down The House (2003)
,Brink! (1998)
Broken City (2013),
Brother Bear 2 (2006),
,Brotherhood of the Wolf (2001)
Bullet To The Head (2012),
Bullet Train (2022),
Bullitt (1968),
Bumblebee (2018),Bumblebee (2018)
,Burn After Reading
,Caddo Lake (2024)
,Can You Ever Forgive Me  (2018)
,Capone (2020)
,Captain America - The First Avenger
,Captain America Civil War
Captain America Civil War (2016),
Captain America The First Avenger (2011),
Captain America The Winter Soldier (2014),
,Captain America Winter Soldier
Captain Marvel (2019),Captain Marvel (2019)
Captain Phillips (2013),Captain Phillips (2013)
,Cars
Cars (2006),
,Cars 2
Cars 2 (2011),
,Cars 3
Casablanca (1942),
,Casablanca (1943)
,Casino Royale (1967)
Casino Royale (2006),
,Casper (1995)
,Cast Away (2000)
Catch Me If You Can (2002),Catch Me If You Can (2002)
,Catch-22 (1970)
,Cats (1998)
,Center Stage (2000)
Central Intelligence (2016),
Chain Reaction (1996),
,Chaos Walking (2021)
,Chappaquiddick (2018)
,Charlie and the Chocolate Factory
Charlie And The Chocolate Factory (2005),
,Charlie Says (2018)
,Charlie Wilsons War (2007)
Charlies Angels (2000),
Charlies Angels Full Throttle (2003),
Cheaper By The Dozen (2003),
,Chef
,Chicken Run (2000)
CHIPS (2017),CHIPS (2017)
,Chitty Chitty Bang Bang
,Christmas
Christmas With The Kranks (2004),
,Churchill's Secrets
Cinderella (1950),Cinderella (1950)
City By The Sea (2002),
,City Slickers
,Civil War (2024)
,Clear and Present Danger (1994)
,Clerks (1994)
Cloudy With A Chance Of Meatballs (2009),Cloudy With A Chance Of Meatballs (2009)
Cloudy With A Chance Of Meatballs 2 (2013),
Cloverfield (2008),
,Clue (1985)
,Clueless (1995)
,Cocaine Bear (2023)
Coco (2017),Coco (2017)
Cold Mountain (2003),Cold Mountain (2003)
,Colette (2018)
Collateral (2004),
Collateral Beauty (2016),
,Coming 2 America (2021)
,Coming to America (1988)
Conan The Barbarian (2011),
,Concussion (2015)
Constantine (2005),
Contact (1997),
Contagion (2011),
Contraband (2012),
Coogans Bluff (1968),
Coraline (2009),Coraline (2009)
,Corner Gas The Movie (2014)
,Corpse Bride (2005)
Couples Retreat (2009),
Coyote Ugly (2000),Coyote Ugly (2000)
Cradle 2 The Grave (2003),
Crank (2006),
Crank High Voltage (2009),
Crash (2004),
Crazy Rich Asians (2018),Crazy Rich Asians (2018)
,Crazy Stupid Love (2011)
,Creature From The Black Lagoon (1954)
,Creed (2015)
,Creed II (2018)
,Crimson Peak (2015)
Crimson Tide (1995),Crimson Tide (1995)
Crocodile Dundee (1986),Crocodile Dundee (1986)
Crocodile Dundee II (1988),Crocodile Dundee II (1988)
,Crooked House (2017)
,Crossroads (2002)
Crouching Tiger Hidden Dragon (2000),
,Cruel Intentions (1999)
,D2 The Mighty Ducks (1994)
,D3 The Mighty Ducks (1996)
,Daddy's Home (2015)
,Daddy's Home 2 (2017)
Danny Collins (2015),
,Dark Phoenix (2019)
Darkest Hour (2017),Darkest Hour (2017)
Das Boot (1981),Das Boot (1981)
Dawn Of The Dead (2004),
Days Of Glory (2006),
,Dead Poets Society
,Deadpool
Deadpool (2016),
Deadpool 2 (2018),Deadpool 2 (2018)
,Death on the Nile (2022)
,Deck the Walls (2024)
,Deepwater Horizon (2016)
Defending Your Life (1991),
,Dennis the Menace (1993)
Descendants (2015),
Despicable Me (2010),Despicable Me (2010)
,Despicable Me 2 (2013)
Despicable Me 3 (2017),Despicable Me 3 (2017)
,Despicable Me 4 (2024)
,Destination Wedding (2018)
,Destroyer (2018)
,Devotion (2022)
Diamonds Are Forever (1971),
Die Another Day (2002),
,Die Hard
,Die Hard 2
,Die Hard With a Vengeance (1995)
District 9 (2009),District 9 (2009)
,Divergent Series
Divine Secrets Of The Ya-Ya Sisterhood (2002),
,Django Unchained (2012)
,Doctor Sleep (2019)
,Doctor Strange
Doctor Strange (2016),
Doctor Strange In The Multiverse Of Madness (2022),
,Doctor Zhivago (1965)
,Dodgeball -  A True Underdog Story Unrated (2004)
Dodgeball A True Underdog Story (2004),
,Dolittle (2020)
,Double Jeopardy (1999)
,Down Periscope (1996)
,Downhill (2020)
,Downsizing (2017)
,Downton Abbey (2019)
,Downton Abbey - A New Era (2022)
,Dr. Strangelove Or How I Learned To Stop Worrying And Love The Bomb (1964)
Dragons Gift Of The Night Fury (2011),
Dreamgirls (2006),
,Drillbit Taylor
,Drinking Buddies
,Drumline (2002)
Due Date (2010),
Dumb And Dumberer When Harry Met Lloyd (2003),
,Dumbo (1941)
,Dune (1984)
,Dune (2021)
,Dune - Part Two (2024)
Dune 2 (2024),
Dune Part Two (2024),
Dungeons And Dragons Honor Among Thieves (2023),
,Dungeons Dragons Honor Among Thieves (2023)
,Dunkirk (2017)
,Dunston Checks In (1996)
E.T. The Extra Terrestrial (1982),
,E.T. The Extra-Terrestrial (1982)
,Eat Pray Love (2010)
Edge Of Tomorrow (2014),
Edward Scissorhands (1990),Edward Scissorhands (1990)
Eight Below (2006),
,Elemental (2023)
Elephant White (2011),
Elf (2003),
Elizabeth (1998),
,ELVIS (2022)
Elvis Aloha From Hawaii (1973),
,Elysium
Elysium (2013),
,Emancipation (2022)
,Emma (2020)
,Empire Records (1995)
,Enemy at the Gates (2001)
,Enough (2002)
,Enough Said (2013)
Equilibrium (2002),
,Erin Brockovich (2000)
,Eternal Sunshine of the Spotless Mind (2004)
,Everything Everywhere All At Once (2022)
,Extremely Wicked, Shockingly Evil, And Vile (2019)
,Eye In The Sky
,Eyes Wide Shut (1999)
,F9 (2021)
Face Off (1997),
,Fahrenheit 451 (2018)
Fahrenheit 911 (2004),
Failure To Launch (2006),
,Fantasia (1946)
,Fantastic Beasts - The Secrets of Dumbledore (2022)
Fantastic Beasts And Where To Find Them (2016),
Fantastic Beasts The Crimes Of Grindelwald (2018),Fantastic Beasts The Crimes Of Grindelwald (2018)
Fantastic Four (2015),
,Fantastic Mr Fox (2009)
,Fast & Furious (2009)
,Fast & Furious 6 (2013)
,Fast & Furious Presents Hobbs & Shaw (2019)
Fast And Furious (2009),
Fast And Furious 6 (2013),
Fast And Furious Presents Hobbs And Shaw (2019),
Fast Five (2011),Fast Five (2011)
,Fast Times at Ridgemont High (1982)
,Fast X (2023)
,Father Figures (2017)
Father Of The Bride (1991),
Father Of The Bride Part II (1995),
,Father of the Year (2018)
Fearless (2006),
,Ferdinand (2017)
,FernGully The Last Rainforest (1992)
,Ferris Bueller's Day Off (1986)
Ferris Buellers Day Off (1986),
Fifty Shades Darker (2017),Fifty Shades Darker (2017)
Fifty Shades Freed (2018),Fifty Shades Freed (2018)
Fifty Shades Of Grey (2015),
,Fight Club (1999)
Final Fantasy VII Advent Children (2005),
,Finch (2021)
,Finding Dory
Finding Dory (2016),
,Finding Nemo
Finding Nemo (2003),
Finding Neverland (2004),
,Finding ‘Ohana (2021)
Fired Up (2009),
Firefox (1982),
,First Blood (1982)
,First Kid (1996)
,First Knight (1995)
,First Man (2018)
Fist Of Fury (1972),
Fletch (1985),
Flight Of The Phoenix (2004),
,Flubber (1997)
,Fool's Gold (2008)
,Footloose (1984)
For A Few Dollars More (1965),
For Your Eyes Only (1981),
,Ford V Ferrari (2019)
Forgetting Sarah Marshall (2008),
,Forrest Gump
Forrest Gump (1994),
,Freaky Friday (2003)
,Free Guy (2021)
Friday Night Lights (2004),
,Friday The 13th (1980)
From Russia With Love (1963),
,Frost Nixon (2008)
Frosty Returns (1992),
Frosty The Snowman (1969),
,Frozen
Frozen (2013),
Frozen II (2019),Frozen II (2019)
,Full Metal Jacket (1987)
,Funny Face (1957)
Furious 7 (2015),Furious 7 (2015)
,Fury
,G.I. Jane (1997)
G.I. Joe Retaliation (2013),
G.I. Joe The Rise Of Cobra (2009),
Galaxy Quest (1999),Galaxy Quest (1999)
,Game Night (2018)
Gangs Of New York (2002),
,Gangster Squad
Gemini Man (2019),
,George Of The Jungle (1997)
,Get Hard (2015)
Get Him To The Greek (2010),
,Get Out (2017)
Get Smart (2008),Get Smart (2008)
,Ghost (1990)
Ghost Rider (2007),
Ghostbusters (1984),Ghostbusters (1984)
Ghostbusters (2016),
Ghostbusters Afterlife (2021),
Ghostbusters Frozen Empire (2024),
,Ghostbusters II (1989)
,Gifted (2017)
,Girls Trip (2017)
,Gladiator (2000)
Glass (2019),
,Glass Onion - A Knives Out Mystery (2022)
,Glory (1989)
Gods And Generals (2003),
Godzilla (1998),
Godzilla (2014),
,Godzilla King of the Monsters (2019)
Godzilla Vs Kong (2021),
,Godzilla x Kong  The New Empire (2024)
Godzilla x Kong The New Empire (2024),
,Gold (2016)
GoldenEye (1995),
Goldfinger (1964),
,Gone Girl
Gone In 60 Seconds (1974),
,Gone in 60 Seconds (2000)
,Gone With The Wind (1939)
,Good Boys (2019)
,Good Burger (1997)
,Good Morning Vietnam
Good Will Hunting (1997),Good Will Hunting (1997)
,Goodfellas (1990)
Goosebumps (2015),
Gothika (2003),
Gravity (2013),
,Green Book (2018)
Green Lantern (2011),
,Gremlins (1984)
Greyhound (2020),Greyhound (2020)
,Groundhog Day
Groundhog Day (1993),
Grown Ups (2010),
Grown Ups 2 (2013),
,Grumpier Old Men (1995)
,Grumpy Old Men (1993)
Guardians Of The Galaxy (2014),Guardians Of The Galaxy (2014)
Guardians Of The Galaxy Vol 3 (2023),
,Guardians of the Galaxy Vol. 2
Guardians Of The Galaxy Vol. 2 (2017),
,Guarding Tess (1994)
,Guy Ritchie's The Covenant (2023)
Hachi A Dogs Tale (2009),
,Hacksaw Ridge
,Halloween (1978)
,Halloweentown (1998)
,Halloweentown High (2004)
,Halloweentown.II.Kalabars.Revenge (2001)
Hamburger Hill (1987),
,Hamilton (2020)
Hancock (2008),
Hannibal (2001),
,Hansel and Gretel Witch Hunters
Hansel And Gretel Witch Hunters (2013),
,Hanukkah on the Rocks (2024)
Happy Feet (2006),Happy Feet (2006)
,Happy Feet Two (2011)
Happy Gilmore (1996),
Happy Halloween Scooby-Doo (2020),
Harold And Kumar Escape From Guantanamo Bay (2008),
Harold And Kumar Go To White Castle (2004),
,Harry Potter
Harry Potter And The Chamber Of Secrets (2002),
Harry Potter And The Deathly Hallows Part 1 (2010),
Harry Potter And The Deathly Hallows Part 2 (2011),
Harry Potter And The Goblet Of Fire (2005),
Harry Potter And The Half-Blood Prince (2009),
Harry Potter And The Order of the Phoenix (2007),
Harry Potter And The Prisoner Of Azkaban (2004),
Harry Potter And The Sorcerers Stone (2001),
,Haul Out the Holly (2022)
Heartbreak Ridge (1986),Heartbreak Ridge (1986)
Heat (1995),
,Heavy Metal (1981)
,Heavy Weights (1995)
,Hell or High Water
,Hercules (1997)
Hercules (2014),
,Here Comes The Boom
Here Comes The Boom (2012),
,Hey Arnold The Jungle Movie (2017)
,Hey Arnold! The Movie (2002)
,Hidden Figures
Hidden Figures (2016),
Hitman (2007),
Hitmans Wifes Bodyguard (2021),
Hocus Pocus (1993),Hocus Pocus (1993)
,Hocus Pocus 2 (2022)
,Holes (2003)
Holmes And Watson (2018),
,Home (2015)
,Home Again (2017)
,Home Alone Collection
Home On The Range (2004),
,Homeward Bound The Incredible Journey (1993)
,Honey I Blew Up The Kid (1992)
,Honey, I Shrunk The Kids (1989)
,Honey, We Shrunk Ourselves! (1997)
,Honk For Jesus Save Your Soul (2022)
,Hook (1991)
Horrible Bosses (2011),
,Horton Hears a Who! (2008)
,Hot Pursuit
Hot Shots (1991),
Hot Shots Part Deux (1993),
Hot Tub Time Machine (2010),
,Hotel Rawanda (2004)
,Hotel Transylvania (2012)
Hotel Transylvania 2 (2015),Hotel Transylvania 2 (2015)
,Hotel Transylvania 3 Summer Vacation (2018)
,Hotel Transylvania 4 - Transformania (2022)
,House of Gucci (2021)
How The Grinch Stole Christmas (2000),
How To Lose A Guy In 10 Days (2003),
How To Train Your Dragon (2010),
,How to Train Your Dragon 2 (2014)
,How To Train Your Dragon The Hidden World (2019)
Hugo (2011),
Hunter Killer (2018),Hunter Killer (2018)
I Am Legend (2007),
I Am Number Four (2011),
I Feel Pretty (2018),I Feel Pretty (2018)
,I Love You, Man (2009)
I Now Pronounce You Chuck And Larry (2007),
I Robot (2004),
,I, Tonya (2018)
Ice Age (2002),Ice Age (2002)
,Ice Age - The Meltdown (2006)
Ice Age Continental Drift (2012),
,Idiocracy (2006)
,IF (2024)
,In The Army Now (1994)
,In The Heights (2021)
Inception (2010),
,Incredibles 2 (2018)
Independence Day (1996),Independence Day (1996)
,Independence Day Resurgence (2016)
Indiana Jones And The Last Crusade (1989),
Indiana Jones And The Raiders Of The Lost Ark (1981),
Indiana Jones And The Temple Of Doom (1984),
,Indiana Jones Collection
Inglorious Basterds (2009),
,Inside Out (2015)
,Inside Out 2 (2024)
,Instant Family (2018)
,Interstellar
Interstellar (2014),
Interview With The Vampire (1994),
Into The Blue (2005),
,Into the Wild (2007)
Into The Woods (2014),
Invincible (2006),
Ip Man 3 (2015),
Ip Man 4 The Finale (2019),
Iron Man (2008),
,Iron Man 2
Iron Man 2 (2010),
,Iron Man 3
Iron Man 3 (2013),
,Ironman
,Isle of Dogs (2018)
,Isn't It Romantic (2019)
,It (2017)
,It's a Very Merry Muppet Christmas Movie (2002)
,It's Complicated
Its A Wonderful Life (1946),
Its Complicated (2009),
,Its The Great Pumpkin Charlie Brown (1966)
J Edgar (2011),
,Jack (1996)
Jack Reacher (2012),
Jack Reacher Never Go Back (2016),
,Jack Ryan Shadow Recruit
Jack Ryan Shadow Recruit (2014),
,Jackie
,James Bond Collection
Jason Bourne (2016),
,Jerry & Marge Go Large (2022)
,Jerry Maguire
,Joe Dirt (2001)
John Carter (2012),
,John Wick (2014)
,John Wick Chapter 2 (2017)
John Wick Chapter 3 - Parabellum (2019),
,John Wick Chapter 3 Parabellum (2019)
,Joker (2019)
,Josie And The Pussycats (2001)
Joy (2015),Joy (2015)
,Joyful Noise (2012)
Jumanji (1995),Jumanji (1995)
Jumanji The Next Level (2019),Jumanji The Next Level (2019)
Jumanji Welcome To The Jungle (2017),
Jumper (2008),
,Jungle 2 Jungle (1997)
,Jungle Cruise (2021)
Jurassic Park (1993),
Jurassic World (2015),
Jurassic World Fallen Kingdom (2018),
,Juror #2 (2024)
,Jurrasic Park Collection
Jurrassic World Dominion (2022),
Just Married (2003),
,Just Mercy (2019)
,Justice League (2017)
,Keeping Up with the Joneses
,Kelly's Heroes (1970)
Kellys Heroes (1970),
,Kicking and Screaming (2005)
Kill Bill Vol. 2 (2004),
,Killer Heat (2024)
,Killing Kennedy
,Kindergarten Cop (1990)
King Kong (2005),
,King Ralph (1991)
,King Richard (2021)
,Kingpin
Kingsglaive Final Fantasy XV (2016),
,Kingsman The Golden Circle (2017)
,Kingsman The Secret Service (2015)
Knight And Day (2010),
,Knives Out (2019)
Knocked Up (2007),
,Kong Skull Island
Kong Skull Island (2017),
Kung Fu Hustle (2004),
Kung Fu Panda (2008),Kung Fu Panda (2008)
Kung Fu Panda 2 (2011),Kung Fu Panda 2 (2011)
,Kung Fu Panda 3 (2016)
,Kursk (2018)
,La La Land
,Labryinth (1986)
,Lady and the Tramp (2019)
,Lady Bird (2017)
Lara Croft Tomb Raider (2001),
Lara Croft Tomb Raider The Cradle Of Life (2003),
,Larry Crowne
,Last Flag Flying (2017)
,Last Holiday (2006)
,Last Vegas
Law Abiding Citizen (2009),
Lawrence Of Arabia (1962),
,Leatherheads (2008)
,Legally Blonde (2001)
Legally Blonde 2 (2003),
,Legally Blonde 2- Red, White & Blonde (2003)
Legend Of The Boneknapper Dragon (2010),
Legends Of The Fall (1994),
Legion (2010),
Lego Batman The Movie DC Super Heroes Unite (2013),
,LEGO DC Comics Super Heroes Justice League - Gotham City Breakout (2016)
,LEGO DC Comics Super Heroes Justice League vs. Bizarro League (2015)
,LEGO DC Comics Super Heroes The Flash (2018)
,LEGO DC Comics Super Heros Justice League Attack of the Legion of Doom! (2015)
,Lego Scooby-Doo! Blowout Beach Bash (2017)
,Lego Scooby-Doo! Haunted Hollywood (2016)
,Lego The Adventures Of Clutch Powers (2010)
Lethal Weapon 2 (1989),
Lethal Weapon 3 (1992),
Lethal Weapon 4 (1998),
,Lethal Weapon Quadrilogy
,Lets Be Cops
Licence To Kill (1989),
Life As We Know It (2010),
,Life of Crime
Life Of The Party (2018),
,Lightyear (2022)
,Lilo & Stitch (2002)
,Lilo & Stitch 2 - Stitch Has a Glitch (2005)
Lilo And Stitch (2002),
Lincoln (2012),
,Lion (2016)
,Little (2019)
,Little Giants (1994)
,Little Shop of Horrors (1986)
,Little Women (2019)
,Live Free or Die Hard (2007)
,Lizzie (2018)
,Lock, Stock and Two Smoking Barrels (1998)
,Locked Down (2021)
,Logan (2017)
London Has Fallen (2016),
,Lone Survivor
Lord Of The Rings The Fellowship Of The Ring (2001),
Lord Of The Rings The Return Of The King (2003),
Lord Of The Rings The Two Towers (2002),
Lord Of War (2005),
Lost (2004),
,Love Actually (2003)
,Love Hard (2021)
,Luca (2021)
,Luck (2022)
Lucky Number Slevin (2006),
,M3GAN (2022)
MacGruber (2010),
Mad Max 2 The Road Warrior (1981),
Mad Max Fury Road (2015),Mad Max Fury Road (2015)
,Mad Max Trilogy
,Madagascar (2005)
,Madagascar 3 Europe's Most Wanted (2012)
Madagascar Escape 2 Africa (2008),Madagascar Escape 2 Africa (2008)
,Magic Mike
Magic Mike (2012),
,Magic Mike XXL (2015)
,Maid In Manhattan (2002)
,Major Payne
Major Payne (1995),
Maleficent (2014),Maleficent (2014)
,Maleficent Mistress Of Evil (2019)
Man Of Steel (2013),
Man On Fire (2004),
,Manchester by the Sea
Marley And Me (2008),
Marmaduke (2010),
,Martha Marcy May Marlene (2011)
,Mary Poppins (1964)
,Mary Poppins Returns (2018)
,Mary Queen Of Scots (2018)
Master And Commander The Far Side Of The World (2003),
,Masterminds
,Maverick (1994)
,Max (2015)
,McFarland USA
,McHale's Navy (1997)
,Mean Girls (2004)
Megamind (2010),
Men In Black (1997),
Men In Black 3 (2012),
Men In Black II (2002),
,Men In Black International (2019)
,Men of Honor (2000)
Miami Vice (2006),
MIB International (2019),
Michael Clayton (2007),
Mickey Blue Eyes (1999),
,Midnight Express (1978)
Midway (1976),
,Midway (2019)
,Mighty Joe Young (1998)
,Mike and Dave Need Wedding Dates
Mike And Dave Need Wedding Dates (2016),
Mile 22 (2018),Mile 22 (2018)
,Miles Ahead (2015)
,Million Dollar Arm
Minions (2015),Minions (2015)
,Minions - The Rise of Gru (2022)
Minions The Rise Of Gru (2022),
,Minority Report (2002)
,Miss Congeniality (2000)
,Miss Congeniality 2 Armed and Fabulous (2005)
,Miss Peregrine's Home For Peculiar Children
,Missing (2023)
,Missing Link (2019)
Mission Impossible (1996),Mission Impossible (1996)
Mission Impossible - Dead Reckoning Part One (2023),
,Mission Impossible - Fallout (2018)
,Mission Impossible 2 (2000)
,Mission Impossible 3 (2006)
Mission Impossible Ghost Protocol (2011),Mission Impossible Ghost Protocol (2011)
Mission Impossible II (2000),
Mission Impossible III (2006),
Mission Impossible Rogue Nation (2015),Mission Impossible Rogue Nation (2015)
,Moana
Moana (2016),
,Molly's Game (2018)
,Monster (2003)
,Monster House (2006)
Monsters Inc (2001),
Monsters Vs. Aliens (2009),
,Monsters, Inc (2001)
,Monty Python and the Holy Grail (1975)
,Moonlight
Moonraker (1979),
Moonrise Kingdom (2012),
,Mortdecai
Moulin Rouge (2001),
Mr And Mrs Smith (2005),
,Mr. Brooks (2007)
,Mr. Holland's Opus (1995)
,Mr. Mom (1983)
Mr. Poppers Penguins (2011),
,Mrs. Doubtfire (1993)
,Mud
,Mudbound (2017)
,Mulan (1998)
,Mulan (2020)
,Mulan II (2004)
,Muppet Treasure Island (1996)
Murder By Numbers (2002),
,Murder on the Orient Express (1974)
,Murder on the Orient Express (2017)
My Big Fat Greek Wedding (2002),My Big Fat Greek Wedding (2002)
,My Big Fat Greek Wedding 2
,My Big Fat Greek Wedding 3 (2023)
My Bosss Daughter (2003),
,My Cousin Vinny (1992)
,My Fair Lady (1964)
,My Old Ass (2024)
,Mystery Men
,Nacho Libre (2006)
Nanny McPhee (2005),
,National Lampoon's European Vacation (1985)
,National Lampoon's Vacation (1983)
National Lampoons Christmas Vacation (1989),
National Lampoons European Vacation (1985),
National Lampoons Vacation (1983),
National Treasure (2004),
,National Treasure Collection
,Neighbors (2014)
,Neighbors 2
,Never Been Kissed (1999)
,News Of The World (2020)
Night At The Museum Battle Of The Smithsonian (2009),
,Night at the Museum Collection
Night At The Museum Secret Of The Tomb (2014),
,Night Crossing (1982)
,Night School (2018)
Nitro Circus The Movie (2012),
No Country For Old Men (2007),
No Time To Die (2021),
Nobody (2021),
,Nobody's Fool (2018)
,Nomadland (2020)
Non Stop (2014),
Nope (2022),Nope (2022)
,Now And Then (1995)
,Now You See Me
Now You See Me (2013),
,Now You See Me 2 (2016)
O Brother Where Art Thou (2000),
,O Brother, Where Art Thou (2000)
,Oblivion
Oblivion (2013),
,Ocean's Eight (2018)
,Oceans Eleven
Oceans Eleven (2001),
,Oceans Thirteen
Oceans Thirteen (2007),
,Oceans Twelve
Oceans Twelve (2004),
,October Sky (1999)
Odd Thomas (2013),
,Office Christmas Party (2016)
,Office Space (1999)
Old School (2003),Old School (2003)
,Oliver and Company (1988)
Olympus Has Fallen (2013),
On Her Majestys Secret Service (1969),
,On The Basis Of Sex (2018)
,Once Upon a Time in Hollywood (2019)
,One Hundred And One Dalmatians (1961)
One Hundred And One Dalmations (1961),
,Onward (2020)
,Operation Dumbo Drop (1995)
,Operation Mincemeat (2021)
Oppenheimer (2023),Oppenheimer (2023)
,Osmosis Jones (2001)
,Our Little Secret (2024)
Out Of Time (2003),
,Over the Hedge (2006)
,Overboard (1987)
,Overboard 2018
Oz The Great And Powerful (2013),
,Pacific Rim (2013)
Pacific Rim Uprising (2018),
,Paddington (2014)
,Paddington 2 (2017)
,Pain and Gain
Pain And Gain (2013),
Pale Rider (1985),
,Palm Springs (2020)
Pan (2015),
Panic Room (2002),
,Papillon (2017)
ParaNorman (2012),
,Passengers (2016)
,Patch Adams (1998)
Patriot Games (1992),Patriot Games (1992)
Patton (1970),Patton (1970)
Pawn Shop Chronicles (2013),
Pay It Forward (2000),
Paycheck (2003),
,Pearl Harbor (2001)
,Penguins of Madagascar
Penguins Of Madagascar (2014),
Percy Jackson And The Olympians The Lightning Thief (2010),
Perfect Stranger (2007),
,Pete's Dragon (2016)
,Peter Pan (1953)
,Phantasm (1979)
,Phantom Thread (2018)
,Pinocchio (1940)
Pirates Of The Caribbean At Worlds End (2007),
Pirates Of The Caribbean Dead Mans Chest (2006),
,Pirates Of The Caribbean Dead Men Tell No Tales
Pirates Of The Caribbean Dead Men Tell No Tales (2017),
Pirates Of The Caribbean On Stranger Tides (2011),
Pirates Of The Caribbean The Curse Of The Black Pearl (2003),
Pitch Black (2000),
,Pitch Perfect
,Pitch Perfect 2 (2015)
,Pitch Perfect 3 (2017)
Planes (2013),
,Planes, Trains and Automobiles (1987)
Platoon (1986),Platoon (1986)
,Pleasantville (1998)
Ploey (2018),
,Pocahontas (1995)
Point Break (1991),Point Break (1991)
,Pokemon Detective Pikachu (2019)
Pokemon The Movie I Choose You (2017),
,Police Academy (1984)
,Police Academy 2 Their First Assignment (1985)
,Police Academy 3 Back In Training (1986)
,Police Academy 4 Citizens On Patrol (1987)
,Police Academy 5 Assignment Miami Beach (1988)
,Police Academy 6 City Under Siege (1989)
,Police Academy Mission To Moscow (1994)
,Practical Magic (1998)
Predator (1987),
Predator 2 (1990),
Predators (2010),
,Pretty In Pink (1986)
,Pretty Woman (1990)
,Pride and Prejudice (2005)
Priest (2011),
,Private Benjamin (1980)
,Private Princess Christmas (2024)
Project X (2012),
Prometheus (2012),
,Psych 2 Lassie Come Home (2020)
,Psych 3 This Is Gus (2021)
,Psych The Movie (2017)
,Public Enemies
Public Enemies (2009),
Pulp Fiction (1994),Pulp Fiction (1994)
Quantum Of Solace (2008),
,Queenpins (2021)
,Race (2016)
,Rain Man (1988)
Raising Helen (2004),
,Ralph Breaks The Internet (2018)
Rambo (2008),Rambo (2008)
,Rambo First Blood Part II
,Rambo III (1988)
,Rambo Last Blood (2019)
,Rampage (2018)
Rango (2011),
Ratatouille (2007),Ratatouille (2007)
,Raya And The Last Dragon (2021)
Ready Player One (2018),Ready Player One (2018)
Red Dragon (2002),
,Red Eye (2005)
,Red One (2024)
Red Sparrow (2018),Red Sparrow (2018)
,Remember The Titans (2000)
,Renaissance Man (1994)
Rescue Dawn (2006),
Reservoir Dogs (1992),
Resident Evil (2002),
Resident Evil Afterlife (2010),
Resident Evil Apocalypse (2004),
Resident Evil Extinction (2007),
Resident Evil The Final Chapter (2016),
,Return To Halloweentown (2006)
,Richie_Rich (1994)
Riddick (2013),
,Riders of Justice (2020)
Rio (2011),
Rio 2 (2014),
Rise Of The Planet Of The Apes (2011),
,Risky Business (1983)
Road House (1989),Road House (1989)
Road Trip (2000),
,Robin Hood (1973)
Robin Hood (2010),
,Robin Hood (2018)
Robin Hood Men In Tights (1993),
,Robin Hood Prince of Thieves (1991)
Robots (2005),
,Rock-A-Doodle (1991)
,RocketMan (1997)
,Rocketman (2019)
,Rocky (1976)
,Rocky II (1979)
Rocky III (1982),Rocky III (1982)
,Rocky IV (1985)
,Rocky V (1990)
Rogue One A Star Wars Story (2016),
Role Models (2008),
,Roman Holiday (1953)
Romancing The Stone (1984),
Romeo And Juliet (1996),
Romeo Must Die (2000),
,Romy And Micheles High School Reunion (1997)
,Rookie Of The Year (1993)
Rudolph The Red-Nosed Reindeer (1964),
Rules Of Engagement (2000),
Rumble In The Bronx (1995),
,Runaway Bride (1999)
,Runaway Jury (2003)
,Rush Hour (1998)
,Rush Hour 2 (2001)
,Rush Hour 3 (2007)
,RV (2006)
S.W.A.T. (2003),
,Sabrina (1954)
Safe House (2012),
Sahara (1943),
Sahara (2005),Sahara (2005)
,Sand Castle (2017)
Santa Claus Is Comin To Town (1970),
,Save the Last Dance (2001)
Scary Movie 3 (2003),
,Scent of a Woman
Schindlers List (1993),
,School of Rock (2003)
Scoob (2020),
,Scoob! (2020)
Scooby Doo Goes Hollywood (1979),
Scooby Doo Mask Of The Blue Falcon (2012),
,Scooby-Doo (2002)
,Scream (1996)
,Scream 2 (1997)
,Scream 3 (2000)
,Se7en ( 1995 )
,Searching (2018)
,Second Act (2018)
,Secondhand Lions
,Seeking a Friend For The End of The World
,Selena (1997)
Semi-Pro (2008),
Serenity (2005),
,Serenity (2019)
Sex And The City (2008),
Sex And The City 2 (2010),
,Sex Tape
,Sgt Bilko
Shaft (2000),Shaft (2000)
,Shaft (2019)
,Shang-Chi And The Legend Of The Ten Rings (2021)
,Shanghai Knights
Shanghai Knights (2003),
,Shanghai Noon
,Shaun of the Dead (2004)
,Shaun the Sheep Movie (2015)
Shazam (2019),
,Shazam! (2019)
,She's All That (1999)
,She's the Man (2006)
Sherlock Holmes (2009),Sherlock Holmes (2009)
Sherlock Holmes A Game Of Shadows (2011),
Shock And Awe (2017),
Short Circuit (1986),
,Showgirls (1995)
Showtime (2002),
Shrek (2001),Shrek (2001)
Shrek 2 (2004),Shrek 2 (2004)
Shrek The Third (2007),
,Siberia (2018)
Sideways (2004),
,Silver Linings Playbook
Silver Linings Playbook (2012),
,Sing (2016)
,Sing 2 (2021)
,Sister Act (1992)
,Sister Act 2 Back In The Habit (1993)
,Sisters (2015)
,Sixteen Candles (1984)
Skyfall (2012),
,Skyscraper (2018)
,Sleeping Beauty (1959)
,Sliding Doors (1998)
Smallfoot (2018),Smallfoot (2018)
,Smart House (1999)
,Smokey and the Bandit (1977)
Smokin Aces (2006),
,Sneakers (1992)
Sniper (1993),
Sniper 2 (2002),
Sniper 3 (2004),
,Snow Dogs (2002)
Snow White And The Huntsman (2012),
,Snow White and the Seven Dwarfs (1938)
,Snowden
Soldier (1998),
Solo A Star Wars Story (2018),Solo A Star Wars Story (2018)
,Song of the Sea (2014)
,Sonic the Hedgehog (2020)
,Sonic the Hedgehog 2 (2022)
,Soul (2020)
,South Pacific (1958)
,Space Cadet (2024)
,Space Cowboys (2000)
,Space Jam
Space Jam (1996),
,Space Jam A New Legacy (2021)
Spectre (2015),
,Spider Man Homecoming (2017)
Spider Man No Way Home (2021),
Spider-Man (2002),
Spider-Man 2 (2004),
Spider-Man 3 (2007),
Spider-Man Far From Home (2019),Spider-Man Far From Home (2019)
Spider-Man Homecoming (2017),
Spider-Man Into The Spider-Verse (2018),Spider-Man Into The Spider-Verse (2018)
,Spies In Disguise (2019)
Spies Like Us (1985),
Spy (2015),
Spy Game (2001),
,Stand And Deliver (1988)
Stand By Me (1986),
Star Trek (2009),
Star Trek Beyond (2016),
,Star Trek Collection
Star Trek First Contact (1996),
Star Trek Generations (1994),
Star Trek II The Wrath Of Khan (1982),
Star Trek III The Search For Spock (1984),
Star Trek Into Darkness (2013),
Star Trek Nemesis (2002),
Star Trek The Motion Picture (1979),
Star Trek V The Final Frontier (1989),
Star Trek VI The Undiscovered Country (1991),
,Star Wars Collection
Star Wars I The Phantom Menace (1999),
Star Wars II Attack Of The Clones (2002),
Star Wars III Revenge Of The Sith (2005),
Star Wars IV A New Hope (1977),
Star Wars IX The Rise Of Skywalker (2019),
Star Wars V The Empire Strikes Back (1980),
Star Wars VI Return Of The Jedi (1983),
Star Wars VII The Force Awakens (2015),
StarDog And TurboCat (2019),
Stargate (1994),Stargate (1994)
,Stargate Continuum (2008)
,Stargate Origins Catherine (2018)
,Stargate The Ark of Truth (2008)
,Starship Troopers Collection
Starsky And Hutch (2004),
Stealth (2005),
,Steel Magnolias (1989)
,Step Brothers
Step Brothers (2008),
Step Up (2006),
,Straight Outta Compton (2015)
Strange Days (1995),
Stranger Than Fiction (2006),
,Stripes (1981)
,Striptease (1996)
,Stuart Little (1999)
Sudden Impact (1983),
,Sugarplummed (2024)
,Suicide Squad
Suicide Squad (2016),
,Sully
Sully (2016),
,Summer Rental (1985)
Super 8 (2011),
Super Troopers (2001),
,Super Troopers (2002)
,Super Troopers 2 (2018)
Superbad (2007),
Superman (1978),
Surfs Up (2007),
,Sweet Home Alabama (2002)
Swordfish (2001),
,Tag (2018)
Take Light (2018),
Taken (2008),
Taken 2 (2012),
Talladega Nights - The Ballad Of Ricky Bobby (2006),
,Talladega Nights The Ballad of Ricky Bobby (2006)
Tangled (2010),
,Tarzan (1999)
,Teaching Mrs. Tingle (1999)
Team America World Police (2004),
Ted (2012),
,Teen Wolf (1985)
,Teenage Mutant Ninja Turtles (1990)
Teenage Mutant Ninja Turtles (2014),
,Teenage Mutant Ninja Turtles II (1991)
Teenage Mutant Ninja Turtles III (1993),Teenage Mutant Ninja Turtles III (1993)
,Teenage Mutant Ninja Turtles Out of the Shadows (2016)
,Tenet (2020)
Terminator 2 Judgment Day (1991),
Terminator 3 Rise Of The Machines (2003),
,Terminator Dark Fate (2019)
Terminator Salvation (2009),
,Tetris (2023)
Thank You For Smoking (2005),
,The 'Burbs (1989)
The 13th Warrior (1999),
,The 1517 to Paris (2018)
,The 355 (2022)
The 40-Year-Old Virgin (2005),
,The Addams Family (1991)
,The Addams Family (2019)
,The Addams Family 2 (2021)
,The Addams Family Values (1993)
,The Aftermath (2019)
The Age Of Adaline (2015),
The Amazing Spider-Man (2012),
The Amazing Spider-Man 2 (2014),
,The Angel (2018)
,The Aristocats (1970)
,The Art of Getting By
The Assassination Of Jesse James By The Coward Robert Ford (2007),
,The Avengers
The Avengers (2012),
,The Aviator (2004)
,The Bad Guys (2022)
The Bank Job (2008),
,The Banker (2020)
The Batman (2022),The Batman (2022)
,The Beekeeper (2024)
,The Beguiled (2017)
The Best Exotic Marigold Hotel (2011),
The Best Of Me (2014),
,The BFG (2016)
The Big Boss (1971),
,The Big Green (1995)
The Big Lebowski (1998),
,The Big Short
The Big Sick (2017),The Big Sick (2017)
,The Birth of a Nation
The Blind Side (2009),
,The Bling Ring (2013)
,The Blues Brothers (1980)
,The Bob's Burgers Movie (2022)
,The Bodyguard (1992)
The Book Of Eli (2010),
The Boondock Saints (1999),
The Boss (2016),The Boss (2016)
,The Boss Baby
,The Boss Baby Family Business (2021)
The Bounty Hunter (2010),
The Bourne Identity (2002),
The Bourne Legacy (2012),
The Bourne Supremacy (2004),
The Bourne Ultimatum (2007),
The Boys From Brazil (1978),
,The Boys in The Boat (2023)
The Breakfast Club (1985),The Breakfast Club (1985)
,The Bridge on the River Kwai (1957)
The Bridges Of Madison County (1995),
,The Bronze (2015)
The Burbs (1989),
,The Call Of The Wild (2020) [WEB]
The Campaign (2012),The Campaign (2012)
,The Cannonball Run (1981)
The Captive (2014),
The Chronicles Of Narnia Prince Caspian (2008),
The Chronicles Of Narnia The Lion The Witch And The Wardrobe (2005),
The Chronicles Of Riddick (2004),
,The Circle (2017)
The Cloverfield Paradox (2018),
,The Color Purple (1985)
,The Computer Wore Tennis Shoes (1969)
,The Core (2003)
The Count Of Monte Cristo (2002),
The Courier (2020),
,The Craft (1996)
,The Craft Legacy (2020)
The Crocodile Hunter Collision Course (2002),
,The Croods (2013)
The Croods A New Age (2020),The Croods A New Age (2020)
The Curious Case Of Benjamin Button (2008),
,The Curse Of The Were-Rabbit (2005)
The Da Vinci Code (2006),
The Dark Knight (2008),The Dark Knight (2008)
The Dark Knight Rises (2012),The Dark Knight Rises (2012)
The Day After Tomorrow (2004),The Day After Tomorrow (2004)
,The Death of Stalin (2017)
The Departed (2006),
The Devil Wears Prada (2006),The Devil Wears Prada (2006)
The Dictator (2012),
The Divergent Series Insurgent (2015),
,The Duff
,The Emperor's Club (2002)
,The Emperor's New Groove (2000)
The Enforcer (1976),
,The Equalizer (2014)
The Equalizer 2 (2018),The Equalizer 2 (2018)
The Expendables (2010),
The Expendables 2 (2012),
The Expendables 3 (2014),
The Fall Guy (2024),
,The Family Stone (2005)
,The Farewell (2019)
,The Fast and the Furious (2001)
The Fast And The Furious Tokyo Drift (2006),
The Fate Of The Furious (2017),The Fate Of The Furious (2017)
The Fault In Our Stars (2014),
The Favourite (2018),The Favourite (2018)
The Fifth Element (1997),The Fifth Element (1997)
The Fighter (2010),
,The Firm (1993)
The First Purge (2018),
,The First Wives Club (1996)
,The Fog (1980)
,The Founder
,The Fox And The Hound (1981)
,The French Dispatch (2021)
,The Fugitive (1993)
,The Gentlemen (2019)
The Girl Who Kicked The Hornets Nest (2009),
The Girl Who Played With Fire (2009),
The Girl With The Dragon Tattoo (2009),
The Girl With The Dragon Tattoo (2011),
The Godfather (1972),The Godfather (1972)
,The Godfather Part 2 (1974)
,The Godfather Part 3 (1990)
The Godfather Part II (1974),
The Godfather Part III (1990),
The Golden Child (1986),
,The Goldfinch (2019)
,The Good Dinosaur
,The Goonies (1985)
,The Graduate (1967)
,The Grand Budapest Hotel (2014)
The Great Escape (1963),The Great Escape (1963)
The Great Gatsby (2013),The Great Gatsby (2013)
,The Great Mouse Detective (1986)
The Great Raid (2005),
,The Great Wall
The Great Wall (2016),
,The Greatest Beer Run Ever (2022)
The Greatest Showman (2017),The Greatest Showman (2017)
,The Green Mile (1999)
The Green Zone (2010),
The Grey (2011),
The Guardian (2006),
The Hangover (2009),
The Hangover Part II (2011),
The Hangover Part III (2013),
,The Haunted Mansion (2003)
,The Heat
The Heat (2013),
The Help (2011),The Help (2011)
,The High Note (2020)
,The Hitchhiker's Guide to the Galaxy (2005)
The Hobbit An Unexpected Journey (2012),The Hobbit An Unexpected Journey (2012)
,The Hobbit The Battle of the Five Armies (2014)
The Hobbit The Desolation Of Smaug (2013),
,The Holdovers (2023)
,The Holiday (2006)
,The House (2017)
,The House Bunny (2008)
The House With A Clock In Its Walls (2018),The House With A Clock In Its Walls (2018)
,The Hunchback of Notre Dame (1996)
The Hunger Games (2012),The Hunger Games (2012)
,The Hunger Games - Catching Fire (2013)
,The Hunger Games - Mockingjay Part 1 (2014)
The Hunger Games Catching Fire (2013),
The Hunger Games Mockingjay - Part 1 (2014),
The Hunger Games Mockingjay - Part 2 (2015),The Hunger Games Mockingjay - Part 2 (2015)
The Hunger Games The Ballad Of Songbirds And Snakes (2023),
,The Hunger Games The Ballad Of Songbirds Snakes (2023)
The Hunt For Red October (1990),
The Hurt Locker (2008),The Hurt Locker (2008)
,The Hustle (2019)
The Imitation Game (2014),The Imitation Game (2014)
The Incredibles (2004),The Incredibles (2004)
,The Informant! (2009)
,The Intern
,The Internship (2013)
,The Invisible Man (2020)
,The Iron Giant (1999)
,The Judge (2014)
,The Jungle Book (1967)
,The Jungle Book (2015)
,The Karate Kid (1984)
The Karate Kid (2010),
,The Karate Kid Part II (1986)
,The Karate Kid Part III (1989)
,The Killer (2024)
,The Killing Of A Sacred Deer (2017)
,The King and I (1956)
,The King of Staten Island (2020)
The Kings Speech (2010),The Kings Speech (2010)
,The Land Before Time (1988)
,The Land Before Time II The Great Valley Adventure (1994)
,The Last Castle
,The Last Duel (2021)
,The Last Full Measure (2019)
The Last Train (2017),
,The Legend Of Bagger Vance (2000)
The Legend Of Tarzan (2016),
The Lego Batman Movie (2017),
,The Lego Movie
The LEGO Movie (2014),
,The Lego Movie 2 The Second Part (2019)
The LEGO Movie The Second Part (2019),
,The LEGO Ninjago Movie (2017)
,The Lego Star Wars Holiday Special (2020)
The Lincoln Lawyer (2011),
,The Lion King (1994)
,The Lion King (2019)
,The Lion King 2 Simba's Pride (1998)
,The Little Mermaid (1989)
,The Little Rascals
The Living Daylights (1987),
,The Lizzie McGuire Movie (2003)
The Longest Day (1962),
The Longest Ride (2015),
,The Longest Yard (2005)
,The Lorax (2012)
,The Lord of the Rings The Fellowship of the Ring (2001)
,The Lord of the Rings The Return of the King (2003)
,The Lord of the Rings The Two Towers (2002)
The Lost Boys (1987),
The Lost City (2022),The Lost City (2022)
,The Magnificent Seven
The Man From U.N.C.L.E. (2015),
The Man In The Iron Mask (1998),
The Man With The Golden Gun (1974),
The Martian (2015),The Martian (2015)
,The Mask of Zorro (1998)
The Matrix (1999),The Matrix (1999)
The Matrix Reloaded (2003),The Matrix Reloaded (2003)
,The Matrix Resurrections (2021)
The Matrix Revolutions (2003),The Matrix Revolutions (2003)
,The Menu (2022)
The Mexican (2001),
,The Mighty Ducks (1992)
,The Ministry Of Ungentlemanly Warfare (2024)
,The Money Pit (1986)
,The Monuments Men
The Mortal Instruments City Of Bones (2013),
,The Mule (2018)
The Mummy (1999),The Mummy (1999)
,The Mummy (2017)
,The Mummy - Tomb of the Dragon Emperor (2008)
The Mummy Returns (2001),The Mummy Returns (2001)
The Natural (1984),
,The Never Ending Story (1984)
,The Neverending Story II The Next Chapter (1991)
The Next Three Days (2010),
The Nightmare Before Christmas (1993),The Nightmare Before Christmas (1993)
,The Notebook (2004)
,The Old Guard (2020)
The Other Guys (2010),
The Other Woman (2014),The Other Woman (2014)
,The Ottoman Lieutenant (2017)
,The Outpost (2020)
,The Pale Blue Eye (2022)
,The Parent Trap (1998)
The Patriot (2000),
The Peacemaker (1997),
,The Peanut Butter Falcon (2019)
,The Peanuts Movie
The Peanuts Movie (2015),
,The Pelican Brief
,The Pentagon Wars (1998)
The Perfect Storm (2000),
,The Perks of Being a Wallflower
The Perks Of Being A Wallflower (2012),
,The Pirates of Somalia (2017)
The Polar Express (2004),
,The Post (2018)
The Predator (2018),
The Prestige (2006),
,The Princess and the Frog (2009)
The Princess Bride (1987),The Princess Bride (1987)
,The Princess Diaries (2001)
,The Princess Diaries 2 Royal Engagement (2004)
,The Professor And The Madman (2019)
The Purge (2013),
The Purge Anarchy (2014),
The Purge Election Year (2016),
The Pursuit Of Happyness (2006),
,The Railway Man
,The Reader (2008)
,The Report (2019)
,The Rescuers (1977)
,The Rescuers Down Under (1990)
The Revenant (2015),
,The Rhythm Section (2020)
,The Right Stuff (1983)
The Rock (1996),The Rock (1996)
,The Rocky Horror Picture Show (1975)
The Rundown (2003),
The Sandlot (1993),The Sandlot (1993)
The Santa Clause (1994),
The Santa Clause 2 (2002),
The Santa Clause 3 The Escape Clause (2006),
The Scorpion King (2002),
The Scorpion King 2 Rise Of A Warrior (2008),
The Scorpion King 3 Battle For Redemption (2012),
The Scorpion King 4 Quest For Power (2015),
The Scorpion King Book Of Souls (2018),
,The Secret Life of Pets
,The Secret Life of Pets 2 (2019)
The Secret Life Of Water Mitty (2013),
,The Secret Of Kells (2009)
The Secret Of Nimh (1982),
,The Shape of Water (2017)
The Shawshank Redemption (1994),The Shawshank Redemption (1994)
The Shining (1980),The Shining (1980)
,The Sisterhood Of The Traveling Pants (2005)
The Sitter (2011),
,The Sixth Sense (1999)
,The Sound of Music (1965)
The Spongebob Movie Sponge Out Of Water (2015),
,The SpongeBob SquarePants Movie (2004)
,The Spy Who Dumped Me (2018)
The Spy Who Loved Me (1977),
,The Stepford Wives (2004)
,The Suicide Squad (2021)
,The Sum Of All Fears (2002)
The Super Mario Bros Movie (2023),
,The Sword in the Stone (1963)
The Terminal (2004),The Terminal (2004)
The Terminator (1984),
The Thieves (2012),
The Thin Red Line (1998),
The Thomas Crown Affair (1999),
,The Three Musketeers (1993)
The Truman Show (1998),
,The Tuskegee Airmen (1995)
The Twilight Saga Breaking Dawn - Part 1 (2011),
The Twilight Saga Breaking Dawn - Part 2 (2012),
The Twilight Saga Eclipse (2010),
The Twilight Saga New Moon (2009),
,The Ugly Dachshund (1966)
,The Untouchables (1987)
,The Usual Suspects (1995)
The Vow (2012),
,The War With Grandpa (2020)
The Watch (2012),The Watch (2012)
,The Water Diviner
,The Way Back (2020) [WEB]
,The Wedding Ringer (2015)
The Wife (2017),
The Wild Robot (2024),
,The Witches (2020)
,The Wizard Of Lies (2017)
The Wizard Of Oz (1939),
The Wolverine (2013),
The Woman In Black (2012),
,The Woman King (2022)
The World Is Not Enough (1999),
,The Wrong Trousers (1993)
,The X Files (1998)
,The X Files I Want To Believe (2008)
,The Zookeeper's Wife
,Theater Camp (2023)
Thelma And Louise (1991),
Theres Something About Mary (1998),
,Thirteen Days (2000)
This Is 40 (2012),
This Is It (2009),
Thor (2011),Thor (2011)
Thor Ragnarok (2017),Thor Ragnarok (2017)
Thor The Dark World (2013),Thor The Dark World (2013)
,Three Billboards Outside Ebbing Missouri (2017)
Three Kings (1999),
Thumbelina (1994),
Thunderball (1965),
,Titanic (1997)
,To Wong Foo, Thanks for Everything, Julie Newmar (1995)
,Tolkien (2019)
Tom And Jerry Musical Mayhem (2013),
,Tombstone (1993)
Tommy Boy (1995),
Tomorrow Never Dies (1997),
,Tomorrowland
Top Gun (1986),Top Gun (1986)
,Top Gun - Maverick (2022)
Top Gun Maverick (2022),
Tora Tora Tora (1970),
Total Recall (1990),Total Recall (1990)
Total Recall (2012),Total Recall (2012)
Toy Story (1995),Toy Story (1995)
Toy Story 2 (1999),Toy Story 2 (1999)
Toy Story 3 (2010),Toy Story 3 (2010)
Toy Story 4 (2019),Toy Story 4 (2019)
Traffic (2000),
Training Day (2001),
Trainwreck (2015),Trainwreck (2015)
Transformers (2007),
Transformers Dark Of The Moon (2011),
Transformers Revenge Of The Fallen (2009),
Transformers Rise Of The Beasts (2023),
Transformers The Last Knight (2017),Transformers The Last Knight (2017)
Transporter 3 (2008),
,Trap (2024)
,Trolls (2016)
,Trolls World Tour (2020) [WEB]
TRON Legacy (2010),
,Troop Beverly Hills (1989)
Tropic Thunder (2008),
Troy (2004),
True Grit (2010),
,Tully (2018)
Turbo (2013),
Turner And Hooch (1989),
Twilight (2008),
,Twister (1996)
Two Weeks Notice (2002),
,U-571
U.S. Marshals (1998),
,UglyDolls (2019)
,Unbroken (2014)
,Unbroken Path To Redemption (2018)
Uncharted (2022),Uncharted (2022)
,Uncle Buck (1989)
,Uncle Drew (2018)
,Under Wraps (1997)
,Under Wraps (2021)
Underworld (2003),
Underworld Awakening (2012),
Underworld Blood Wars (2016),
Underworld Evolution (2006),
Underworld Rise Of The Lycans (2009),
,Up (2009)
Up In The Air (2009),
,Urban Cowboy (1980)
V For Vendetta (2006),
,Vacation Friends (2021)
,Valentine's Day (2010)
,Valerian and the City of a Thousand Planets (2017)
Valkyrie (2008),
Van Helsing (2004),
Vantage Point (2008),
Venom (2018),Venom (2018)
Venom Let There Be Carnage (2021),
,Vice (2018)
,Victor Frankenstein
,Victoria and Abdul (2017)
,Violent Night (2022)
,Volcano (1997)
,Wall Street Money Never Sleeps
Wall-E (2008),Wall-E (2008)
War (2007),
,War Dogs
War Dogs (2016),
War For The Planet Of The Apes (2017),
,War For The Planet Of The Apes (2017) [1080p] [YTS.AG]
,War Machine (2017)
War Of The Worlds (2005),
Wargames (1983),
Warm Bodies (2013),
Watchmen (2009),
,Water for Elephants (2011)
,Waterworld (1995)
Waynes World (1992),
,We Are Marshall
We Bought A Zoo (2011),
,We're The Millers
,Wedding Crashers (2005)
,Welcome To Marwen (2018)
Were The Millers (2013),
,What A Girl Wants (2003)
,What to Expect When You're Expecting (2012)
,What We Do in the Shadows (2014)
What Women Want (2000),
,When Harry Met Sally (1989)
,Where the Wild Things Are (2009)
,Where'd You Go, Bernadette (2019)
,While You Were Sleeping (1995)
,Whiplash (2014)
,Whiskey Tango Foxtrot
,White Boy Rick (2018)
,White Chicks (2004)
,White Men Can't Jump (1992)
,Who Framed Roger Rabbit (1988)
,Why Him
Why Him (2016),
Widows (2018),Widows (2018)
,Wild (2014)
Wild Card (2015),
Wild Hogs (2007),
,Wild Wild West (1999)
,Willy Wonka and the Chocolate Factory (1971)
Win A Date With Tad Hamilton (2004),
,Winchester (2018)
,Windtalkers
,Without a Paddle
,Wolfwalkers (2020)
,Woman of the Hour (2023)
Wonder Woman (2017),Wonder Woman (2017)
Wonder Woman 1984 (2020),Wonder Woman 1984 (2020)
,Wonka (2023)
World War Z (2013),World War Z (2013)
,Wreck It Ralph
Wyatt Earp (1994),
X-Men (2000),
X-Men 2 (2003),
X-Men Apocalypse (2016),
X-Men Days Of Future Past (2014),
X-Men First Class (2011),
X-Men Origins Wolverine (2009),
X-Men The Last Stand (2006),
xXx (2002),
xXx Return Of Xander Cage (2017),
Yesterday (2019),Yesterday (2019)
You Only Live Twice (1967),
,You, Me and Dupree (2006)
,Young Frankenstein (1974)
,Young Guns Movies
,Zack Snyders Justice League (2021)
,Zenon Girl of the 21st Century (1999)
,Zenon The Zequel (2001)
,Zenon Z3 (2004)
Zero Dark Thirty (2012),
,Zero Dark Thirty (2013)
,Zodiac (2007)
Zombieland (2009),Zombieland (2009)
,Zombieland Double Tap (2019)
,Zoolander
Zoolander (2001),
,Zoolander 2
,Zootopia (2016)
