24 (2001),
30 Rock (2006),
8 Minute Workout,
A Pup Named Scooby-Doo (1988),
Americas Fighter Jets (2007),
Archer (2009),
Arrested Development (2003),
Attack On Pearl Harbor A Day Of Infamy (2004),
Band Of Brothers (2001),
Banshee (2013),
Battlestar Galactica (2003),
Be Cool Scooby-Doo (2015),
Boardwalk Empire (2010),
Breaking Bad (2008),
Brooklyn Nine-Nine (2013),
Brotherhood (2006),
Californication (2007),
Chappelles Show (2003),
CSI Miami (2002),
D-Day Collection (2004),
Dark Angel (2000),
Dexter (2006),
Doctor Who (2005),Doctor Who (2005)
Enter The Lone Ranger,
Entourage (2004),
ER (1994),
Family Guy (1999),
Firefly (2002),
Foundation (2021),
Friday Night Lights (2006),
Game Of Thrones (2011),
Gangster Empire (2013),
Glee (2009),
Greys Anatomy (2005),
Gunpowder (2017),
Heroes (2006),
Homeland (2011),
House Of The Dragon (2022),
In Living Color (1990),
Its Always Sunny In Philadelphia (2005),
Justified (2010),
Life (2009),
,MacGyver Classic (1985)
Mad Men (2007),
,Magnum P.I. (1980)
Marvels Avengers Assemble (2013),
,MASH (1972)
Mickey Mouse Clubhouse (2006),
NCIS (2003),
Orange Is The New Black (2013),
P90X (2004),
P90X3 (2013),
Parks And Recreation (2009),
Paw Patrol (2013),
Penn And Teller Bullshit (2003),
Planet Earth (2006),
Pride And Prejudice (1995),
Reno 911 (2003),
Rick And Morty (2013),
Rizzoli And Isles (2010),
Rome (2005),
Schitts Creek (2015),
Scooby-Doo And Scrappy-Doo (1980),
Scooby-Doo Where Are You (1969),
Scrubs (2001),
Sex And The City (1998),
Sherlock (2010),
Smallville (2001),
South Park (1997),
Star Trek (1966),
Star Trek Deep Space Nine (1993),
Star Trek Discovery (2017),
Star Trek Enterprise (2001),
Star Trek Insurrection (1998),
Star Trek IV The Voyage Home (1986),
Star Trek Picard (2020),
Star Trek Strange New Worlds (2022),
Star Trek The Next Generation (1987),
Star Trek Voyager (1995),
Star Wars The Clone Wars (2008),
Stargate Atlantis (2004),
Stargate Origins (2018),
Stargate SG-1 (1997),
Stargate Universe (2009),
Stranger Things (2016),
Ted Lasso (2020),
The A-Team (1983),
The Big Bang Theory (2007),
The Expanse (2015),
The Good Place (2016),
The Legend Of Korra (2012),
The Office (2005),
The Orville (2017),
The Scooby-Doo Show (1976),
The Simpsons (1989),
The Sopranos (1999),
The Tudors (2007),
The Walking Dead (2010),
The West Wing (1999),
Tom And Jerry Tales (2006),
True Blood (2008),
United States Of Tara (2009),
Weeds (2005),
Whats New Scooby-Doo (2002),
